{
    "SUN": {
        "centered": true,
        "mass": 1.9885e30,
        "radius": 6.9634e8,
        "color": "yellow",
        "initial": {
            "velocity": { "x": 0, "y": 0 },
            "position": { "x": 0, "y": 0 }
        }
    },
    "MERCURY": {
        "mass": 3.30104e23,
        "radius": 2.4397e6,
        "color": "#97979F",
        "initial": {
            "velocity": { "x": 0, "y": 38859 },
            "position": { "x": -69817038655, "y": 0 }
        },
        "orbit": {
            "center": { "x": -11907863655, "y": 0 },
            "a": 57909175000,
            "b": 56671645000
        }
    },
    "VENUS": {
        "mass": 4.86732e24,
        "radius": 6.0518e6,
        "color": "#BBB7AB",
        "initial": {
            "velocity": { "x": 0, "y": 34784 },
            "position": { "x": -108944750724, "y": 0 }
        },
        "orbit": {
            "center": { "x": -735820724, "y": 0 },
            "a": 108208930000,
            "b": 108206428000
        }
    },
    "MOON": {
        "mass": 7.34767309e22,
        "radius": 1.7374e6,
        "color": "gray",
        "initial": {
            "velocity": {
                "x": 0,
                "y": 30314
            },
            "position": {
                "x": -152482070740,
                "y": 0
            }
        }
    },
    "EARTH": {
        "mass": 5.9724e24,
        "radius": 6.3781e6,
        "color": "#3B5D38",
        "initial": {
            "velocity": { "x": 0, "y": 29291 },
            "position": { "x": -152097670742, "y": 0 }
        },
        "orbit": {
            "center": { "x": -2499780742, "y": 0 },
            "a": 149597890000,
            "b": 149577003000
        }
    },
    "MARS": {
        "mass": 6.41693e23,
        "radius": 3.3895e6,
        "color": "#E27B58",
        "initial": {
            "velocity": { "x": 0, "y": 21972 },
            "position": { "x": -249225922176, "y": 0 }
        },
        "orbit": {
            "center": { "x": -21289282176, "y": 0 },
            "a": 227936640000,
            "b": 226940253000
        }
    },
    "JUPITER": {
        "mass": 1.89813e27,
        "radius": 6.9911e7,
        "color": "#404436",
        "initial": {
            "velocity": { "x": 0, "y": 12446 },
            "position": { "x": -816079377648, "y": 0 }
        },
        "orbit": {
            "center": { "x": -37667357648, "y": 0 },
            "a": 778412020000,
            "b": 777500124000
        }
    },
    "SATURN": {
        "mass": 5.68319e26,
        "radius": 5.8232e7,
        "color": "#7B7869",
        "initial": {
            "velocity": { "x": 0, "y": 9137 },
            "position": { "x": -1503983436445, "y": 0 }
        },
        "orbit": {
            "center": { "x": -77258036445, "y": 0 },
            "a": 1426725400000,
            "b": 1424632080000
        }
    },
    "URANUS": {
        "mass": 8.68103e25,
        "radius": 2.53625e7,
        "color": "#93B8BE",
        "initial": {
            "velocity": { "x": 0, "y": 6486 },
            "position": { "x": -3006390216730, "y": 0 }
        },
        "orbit": {
            "center": { "x": -135418016730, "y": 0 },
            "a": 2870972200000,
            "b": 2867776723000
        }
    },
    "NEPTUNE": {
        "mass": 1.0241e26,
        "radius": 2.4622e7,
        "color": "#3E54E8",
        "initial": {
            "velocity": { "x": 0, "y": 5385 },
            "position": { "x": -4536892892411, "y": 0 }
        },
        "orbit": {
            "center": { "x": -38639992411, "y": 0 },
            "a": 4498252900000,
            "b": 4498086938000
        }
    },
    "PLUTO": {
        "mass": 1.309e22,
        "radius": 1.151e6,
        "color": "#97979F",
        "initial": {
            "velocity": { "x": 0, "y": 3676 },
            "position": { "x": -7375887344000, "y": 0 }
        },
        "orbit": {
            "center": { "x": -1469507344000, "y": 0 },
            "a": 5906380000000,
            "b": 5720653186000
        }
    }
}